Hinze, S.;;1963;M;;;;;;;true;30. Kandelberglauf 2011;LG DUV Kaiserslautern;201
Hecktor, M.;;1974;M;;;;;;;true;30. Kandelberglauf 2011;TUS-06 Heltersberg;781
Jenne, M.;;1976;M;;;;;;;true;30. Kandelberglauf 2011;USC Freiburg;749
Ulrich, D.;;1981;M;;;;;;;true;30. Kandelberglauf 2011;USC Freiburg;680
Retzlaff, S.;;1971;M;;;;;;;true;30. Kandelberglauf 2011;TUS Loerrach-Stetten;117
Katzer, J.;;1962;M;;;;;;;true;30. Kandelberglauf 2011;LG Fulda;182
Tabouillot, W.;;1958;M;;;;;;;true;30. Kandelberglauf 2011;- vereinslos -;830
B�lts, U.;;1966;M;;;;;;;true;30. Kandelberglauf 2011;TUS-06 Heltersberg;1
Thoma, H.;;1971;M;;;;;;;true;30. Kandelberglauf 2011;LT Furtwangen;164
Heuer, T.;;1970;M;;;;;;;true;30. Kandelberglauf 2011;TUS-06 Heltersberg;211
Krumm, R.;;1966;M;;;;;;;true;30. Kandelberglauf 2011;TV Herbolzheim;127
Braukmann, T.;;1966;M;;;;;;;true;30. Kandelberglauf 2011;LG Kindelsberg Kreuztal;202
Brucker, M.;;1968;M;;;;;;;true;30. Kandelberglauf 2011;- vereinslos -;714
Flesch, H.;;1969;M;;;;;;;true;30. Kandelberglauf 2011;Post-Jahn Freiburg;3
Vetter, R.;;1968;M;;;;;;;true;30. Kandelberglauf 2011;USC Freiburg;156
Benz, J.;;1965;M;;;;;;;true;30. Kandelberglauf 2011;LG Brandenkopf;7
Becht, J.;;1961;M;;;;;;;true;30. Kandelberglauf 2011;LT Furtwangen;168
Huber, W.;;1960;M;;;;;;;true;30. Kandelberglauf 2011;LG Stadtwerke Muenchen;42
Bauer, T.;;1962;M;;;;;;;true;30. Kandelberglauf 2011;TF Feuerbach;71
Retzer, V.;;1968;M;;;;;;;true;30. Kandelberglauf 2011;LLC Mar. Regensburg;51
Stecker, H.;;1965;M;;;;;;;true;30. Kandelberglauf 2011;TV Jahn Kempten;48
Forster, F.;;1960;M;;;;;;;true;30. Kandelberglauf 2011;LAG Siegen;238
Trust, G.;;1963;M;;;;;;;true;30. Kandelberglauf 2011;LG Remscheid;188
Bayer, S.;;1961;M;;;;;;;true;30. Kandelberglauf 2011;SC Mengersgereuth-Haemmern;61
Finkelmann, H.;;1970;M;;;;;;;true;30. Kandelberglauf 2011;LuT Aschaffenburg;50
Scherr, H.;;1968;M;;;;;;;true;30. Kandelberglauf 2011;TUS Loerrach-Stetten;116
Breyer, R.;;1969;M;;;;;;;true;30. Kandelberglauf 2011;TV Tiengen;149
Hasler, W.;;1960;M;;;;;;;true;30. Kandelberglauf 2011;VFL Sindelfingen;95
Lehmann, O.;;1972;M;;;;;;;true;30. Kandelberglauf 2011;SC Thomy Basel (CH);712
Wagner, F.;;1976;M;;;;;;;true;30. Kandelberglauf 2011;DJK-SG St. Ingbert;676
Schild, C.;;1970;M;;;;;;;true;30. Kandelberglauf 2011;LLC Mar. Regensburg;53
Seifert, R.;;1968;M;;;;;;;true;30. Kandelberglauf 2011;LT Furtwangen;165
G�tz, K.;;1984;M;;;;;;;true;30. Kandelberglauf 2011;SV Waldkirch;666
Wagner, M.;;1979;M;;;;;;;true;30. Kandelberglauf 2011;LAG Obere Murg;724
Fries, E.;;1953;M;;;;;;;true;30. Kandelberglauf 2011;TV Geiselhoering;35
Thurner, W.;;1957;M;;;;;;;true;30. Kandelberglauf 2011;LT Furtwangen;171
Bosch, T.;;1968;M;;;;;;;true;30. Kandelberglauf 2011;TV Riegel;817
Kozlowski, P.;;1965;M;;;;;;;true;30. Kandelberglauf 2011;LLC Mar. Regensburg;49
Kopf, T.;;1971;M;;;;;;;true;30. Kandelberglauf 2011;USC Freiburg;4
Dotter, A.;;1961;M;;;;;;;true;30. Kandelberglauf 2011;LT Furtwangen;167
Goldammer, K.;;1952;M;;;;;;;true;30. Kandelberglauf 2011;OSC Berlin;67
Schneider, H.;;1969;M;;;;;;;true;30. Kandelberglauf 2011;VfB Stuttgart;98
Hierl, C.;;1965;M;;;;;;;true;30. Kandelberglauf 2011;LLC Mar. Regensburg;47
Seibel, W.;;1962;M;;;;;;;true;30. Kandelberglauf 2011;TV Hauenstein;656
Scheper, L.;;1961;M;;;;;;;true;30. Kandelberglauf 2011;TUS Badenweiler;109
Fleig, W.;;1971;M;;;;;;;true;30. Kandelberglauf 2011;LT Furtwangen;5
