Hinze, S.;;1963;M
Hecktor, M.;;1974;M
Jenne, M.;;1976;M
Ulrich, D.;;1981;M
Retzlaff, S.;;1971;M
Katzer, J.;;1962;M
Tabouillot, W.;;1958;M
B�lts, U.;;1966;M
Thoma, H.;;1971;M
Heuer, T.;;1970;M
Krumm, R.;;1966;M
Braukmann, T.;;1966;M
Brucker, M.;;1968;M
Flesch, H.;;1969;M
Vetter, R.;;1968;M
Benz, J.;;1965;M
Becht, J.;;1961;M
Huber, W.;;1960;M
Bauer, T.;;1962;M
Retzer, V.;;1968;M
Stecker, H.;;1965;M
Forster, F.;;1960;M
Trust, G.;;1963;M
Bayer, S.;;1961;M
Finkelmann, H.;;1970;M
Scherr, H.;;1968;M
Breyer, R.;;1969;M
Hasler, W.;;1960;M
Lehmann, O.;;1972;M
Wagner, F.;;1976;M
Schild, C.;;1970;M
Seifert, R.;;1968;M
G�tz, K.;;1984;M
Wagner, M.;;1979;M
Fries, E.;;1953;M
Thurner, W.;;1957;M
Bosch, T.;;1968;M
Kozlowski, P.;;1965;M
Kopf, T.;;1971;M
Dotter, A.;;1961;M
Goldammer, K.;;1952;M
Schneider, H.;;1969;M
Hierl, C.;;1965;M
Seibel, W.;;1962;M
Scheper, L.;;1961;M
Fleig, W.;;1971;M
