201;00:52:02;30. Kandelberglauf 2011
781;00:52:08;30. Kandelberglauf 2011
749;00:53:22;30. Kandelberglauf 2011
680;00:54:05;30. Kandelberglauf 2011
117;00:54:25;30. Kandelberglauf 2011
182;00:54:27;30. Kandelberglauf 2011
830;00:54:55;30. Kandelberglauf 2011
1;00:54:56;30. Kandelberglauf 2011
164;00:55:29;30. Kandelberglauf 2011
211;00:55:42;30. Kandelberglauf 2011
127;00:55:47;30. Kandelberglauf 2011
202;00:55:53;30. Kandelberglauf 2011
714;00:56:08;30. Kandelberglauf 2011
3;00:56:35;30. Kandelberglauf 2011
156;00:56:51;30. Kandelberglauf 2011
7;00:57:05;30. Kandelberglauf 2011
168;00:57:15;30. Kandelberglauf 2011
42;00:57:27;30. Kandelberglauf 2011
71;00:57:33;30. Kandelberglauf 2011
51;00:57:37;30. Kandelberglauf 2011
48;00:57:47;30. Kandelberglauf 2011
238;00:57:56;30. Kandelberglauf 2011
188;00:58:07;30. Kandelberglauf 2011
61;00:58:18;30. Kandelberglauf 2011
50;00:58:21;30. Kandelberglauf 2011
116;00:58:27;30. Kandelberglauf 2011
149;00:58:35;30. Kandelberglauf 2011
95;00:58:37;30. Kandelberglauf 2011
712;00:58:45;30. Kandelberglauf 2011
676;00:58:47;30. Kandelberglauf 2011
53;00:58:48;30. Kandelberglauf 2011
165;00:58:54;30. Kandelberglauf 2011
666;00:58:56;30. Kandelberglauf 2011
724;00:59:01;30. Kandelberglauf 2011
35;00:59:08;30. Kandelberglauf 2011
171;00:59:13;30. Kandelberglauf 2011
817;00:59:23;30. Kandelberglauf 2011
49;00:59:25;30. Kandelberglauf 2011
4;00:59:30;30. Kandelberglauf 2011
167;00:59:36;30. Kandelberglauf 2011
67;00:59:37;30. Kandelberglauf 2011
98;00:59:39;30. Kandelberglauf 2011
47;00:59:43;30. Kandelberglauf 2011
656;00:59:49;30. Kandelberglauf 2011
109;00:59:52;30. Kandelberglauf 2011
5;00:59:56;30. Kandelberglauf 2011
